"DESCRIPTION","DURATION IN MS","NAME","PARENT SUITE","START TIME","STATUS","STOP TIME","SUB SUITE","SUITE","TEST CLASS","TEST METHOD"
"","2548","@smoke @regression @sanity Login Page Title - Test","chromium","2026-10-01","passed","2026-10-01","","loginpage.spec.ts","",""
"","2906","@smoke @regression @sanity login to app with invalid credentials with JSON Data- pwapril@pw.com - *********","chromium","2026-10-01","passed","2026-10-01","","loginpage.spec.ts","",""
"","360","Add a user - Test","chromium","2026-10-01","passed","2026-10-01"," @regression @smoke Test User Contacts","api/herokuapppage.spec.ts","",""
"","210","@regression Update booking partially using booking id - Test","chromium","2026-10-01","passed","2026-10-01","","api/bookerapi.basicauth.spec.ts","",""
"","395","PUT API - Update a User","chromium","2026-10-01","passed","2026-10-01","@regression Running e2e fo rest crud api tests","api/user.api.spec.ts","",""
"","254","@regression POST - Create Booking","chromium","2026-10-01","passed","2026-10-01","Restful Booker -Test ","api/getbookers.api.spec.ts","",""
"","60","Get User Profile - Test","chromium","2026-10-01","passed","2026-10-01"," @regression @smoke Test User Contacts","api/herokuapppage.spec.ts","",""
"","403","POST API - Create a User","chromium","2026-10-01","passed","2026-10-01","@regression Running e2e fo rest crud api tests","api/user.api.spec.ts","",""
"","6318","@Regression Verify user is able to select the product - Test","chromium","2026-10-01","passed","2026-10-01","","searchpage.spec.ts","",""
"","6306","@regression Register Account - Test","chromium","2026-10-01","passed","2026-10-01","","registerpage.spec.ts","",""
"","374","GET API - Validate User Deleted","chromium","2026-10-01","passed","2026-10-01","@regression Running e2e fo rest crud api tests","api/user.api.spec.ts","",""
"","865","Validate contacts added to user dashboard","chromium","2026-10-01","passed","2026-10-01"," @regression @smoke Test User Contacts","api/herokuapppage.spec.ts","",""
"","380","@regression Update the booking using booking id - Test","chromium","2026-10-01","passed","2026-10-01","","api/bookerapi.basicauth.spec.ts","",""
"Verify user can login with valid credentials","3431","@smoke @regression @sanity User is Able to Login to Application with valid credentials - Test","chromium","2026-10-01","passed","2026-10-01","","Login Tests","",""
"","297","Adding contacts to created user","chromium","2026-10-01","passed","2026-10-01"," @regression @smoke Test User Contacts","api/herokuapppage.spec.ts","",""
"","1544","GET API - get all users","chromium","2026-10-01","passed","2026-10-01","@regression Running e2e fo rest crud api tests","api/user.api.spec.ts","",""
"","917","Validate contacts counts after delete","chromium","2026-10-01","passed","2026-10-01"," @regression @smoke Test User Contacts","api/herokuapppage.spec.ts","",""
"","62","Delete contact","chromium","2026-10-01","passed","2026-10-01"," @regression @smoke Test User Contacts","api/herokuapppage.spec.ts","",""
"","5775","@regression Verify the product images count - Test","chromium","2026-10-01","passed","2026-10-01","","productpage.spec.ts","",""
"","408","DELET API - Delet a User","chromium","2026-10-01","passed","2026-10-01","@regression Running e2e fo rest crud api tests","api/user.api.spec.ts","",""
"","3063","@smoke @regression @sanity login to app with invalid credentials with JSON Data- invalid@open.com -","chromium","2026-10-01","passed","2026-10-01","","loginpage.spec.ts","",""
"","3099","@smoke @regression @sanity login to app with invalid credentials with JSON Data- wrong@open.com - *********","chromium","2026-10-01","passed","2026-10-01","","loginpage.spec.ts","",""
